Title,Company Name,Company Location,Salary,Type,Dec,Posted
Junior PHP Developer,AA Web Solutions Pvt Ltd,Lahore,"Rs 110,000 a month",Full-time,"['Demonstrable knowledge of web technologies including HTML, CSS, JavaScript, AJAX, etc.', 'Good knowledge of relational databases, version control tools i.e., Git,…']",EmployerActive 3 days ago
Web Application Developer,Search O Pal,Lahore,,,['*WE NEED FRESHERS ONLY Let’s grow together:* We use modern frameworks and platforms like Flutter and Bubble.io. We will be providing the required…'],EmployerActive 2 days ago
Frontend Developer,Contour Software,Lahore,,Full-time,"['Collaborate with backend developers to integrate REST APIs.', 'Develop and maintain web applications using ReactJS, JavaScript, ES6, and TypeScript.']",PostedPosted 4 days ago
ReactJS/NextJs Developer,Planlab Solutions,Lahore,,,"['Optimize components for maximum performance across a vast array of web-capable devices and browsers.', 'As a frontend developer, you will be responsible for…']",EmployerActive 3 days ago
Junior React Frontend Developer,AH Solutions,Lahore,,,"['Collaborate with designers and backend developers to create seamless web applications.', 'Proficient understanding of web markup, including HTML5 and CSS3.']",EmployerActive 24 days ago
[Remote] Senior ReactJS/NextJS developer,VQode Solutions PVT. LTD.,Lahore,,Full-time,"['Work closely with our web Designer for bringing design to life.', 'Optimize components for maximum performance across a vast array of web-capable devices and…']",PostedJust posted
Front End Developer,Click Traces (Private) Limited,Lahore,,,"[""You'll collaborate with various stakeholders, including clients, designers, and other developers, so clear and concise communication is key.""]",EmployerActive 7 days ago
Front-End Developer,Code Red Technologies,Lahore,,Full-time,"['Develop and maintain user interfaces for web applications.', 'Collaborate with back-end developers and designers to improve usability.']",EmployerActive 4 days ago
Frontend WordPress Developer (Night Shift),Smart Placement (Pvt) Ltd,Lahore,"Rs 21,083 - Rs 79,374 a month",Full-time,"['Willing to develop custom web apps using WordPress.', 'Must have a degree in Computer Science/ Software Engineering.', 'Night Shift (9pm-6am) Monday-Friday.']",EmployerActive 20 days ago
Front-End Developer - Male,Search O Pal,Lahore,,Full-time,"['Collaboration: Work closely with product managers, UX/UI designers, and other developers to understand project requirements and deliver high-quality solutions.']",EmployerActive 2 days ago
Web Developer,Xtreme Technologies,Lahore,"Rs 50,000 - Rs 80,000 a month",Full-time,['We are looking for a experience WordPress/Laravel web developer who will be responsible for developing and/or designing websites for our company.'],EmployerActive 2 days ago
Frontend React Developer,Banyo,Lahore,,,"['As a frontend developer you will be responsible for converting Figma designs into Next JS TypeScript web pages.', 'Proven work experience as a Front-end developer.']",EmployerActive 5 days ago
React Js. Framework Frontend Developer,Sigi Technologies PVT LTD,Lahore,"Rs 80,000 - Rs 120,000 a month",Full-time,"['Collaborate with back-end developers and web designers to improve usability.', 'Conduct code reviews and provide constructive feedback to other developers.']",EmployerActive 3 days ago
Front end Developer,Zepto Systems Limited,Lahore,,,"['You will work closely with our design and development teams to translate designs into high-quality, responsive web applications.']",EmployerActive 24 days ago
Senior Web Developer (Urgent Hiring),Finjineers,Lahore,"Rs 80,000 - Rs 100,000 a month",Full-time,"['Understanding of RESTful APIs and web services.', 'Develop, test, and maintain high-quality web applications using Laravel.', 'PHP, Laravel: 2 years (Required).']",EmployerActive 3 days ago
